Amber Mccann,51,8855926
Cynthia Adkins,38,6570903
Tony Pham,25,8092982
Eric Wallace,56,8752663
Jessica Bennett,39,7691129
Michael Becker,59,6220505
Christopher Scott,51,5477131
Todd Caldwell,40,5732762
Daniel Huffman,45,8665191
Timothy Middleton,56,4321026
Ryan Villarreal,30,8252889
Michelle Collins,47,4678465
Kevin Robinson,40,6224907
Timothy Burgess,59,4485497
Jose Cameron,38,4498244
Mackenzie Cruz,25,7828166
Tara Burton,24,5349100
Ronnie Raymond,57,7404142
Jennifer Sanchez,32,6821205
Kimberly Smith,46,5660427
Vincent Nolan,47,8178906
Alan Rivera,36,6313735
Melissa Johnson,37,6784938
Douglas Mason,53,8130645
Erica Lane,41,7542596
George Ford,37,4148055
Kathleen Hudson,23,6677272
Stephen Frank,44,6426468
Heather Wright,32,4247014
Thomas Smith MD,32,8459134
Amy Wall,46,4529993
Katherine Preston,50,6121076
Curtis Miller,55,5064455
Cheryl Wise,43,7218836
Deborah English,44,4452435
Jennifer Taylor,60,5216306
Valerie Orozco,58,5525510
Bryce Harris,52,8454869
Steven Trujillo,56,4355506
Daniel Duncan,53,6968239
Dawn Taylor,55,5044050
Sara Park,31,5196525
Derek Myers MD,26,7442696
Julia Bullock,44,7334681
Perry Copeland,30,8247171
Steven Jones,24,7509020
Nicholas Fisher,43,7867637
Kevin Wilson,52,7518686
Robert Cobb,54,4721837
Teresa Flores,50,7636973
David Copeland,50,5862308
Yvette Flowers,46,8568981
Tina Davis,50,5612719
Michael Mckee,43,5087399
Christine Randall,37,5333580
Lisa Rodriguez,39,4545030
Chelsea Gilbert,43,5935110
Phillip Freeman,29,5940800
Connie Ponce,38,7972921
Gary Mueller,48,5493772
Wesley Strong,24,8700722
William Johnson,25,7695311
Megan Nunez,23,6533154
Danny Casey,28,5707180
Shelby Moore,41,6433676
Kenneth Estrada,53,6380865
Danielle Morris,32,4086908
Melissa Hamilton,44,6243388
Crystal Fisher,40,8734395
Crystal Johnson,34,6883774
Terry Roth,47,5476998
Elijah Moss,28,8624073
Nicole Joseph,40,5759695
Matthew Garcia,59,7992525
Jenny Butler,49,6043913
Dave Cobb,45,4036168
Christopher Guzman,57,7859507
Jeffrey Owens,48,4338796
Sherri Bailey,40,8671602
Steven Wallace,38,7403037
Caroline Cross,38,6406365
Elizabeth Edwards,57,4627708
Stephanie Mcguire,56,5896273
Barbara Blankenship,57,8751696
Mark Powell,37,7136486
Robert Vasquez,54,6880467
Kelly Wyatt,29,4557499
Krystal Garrett,30,4313324
Justin Brewer,27,4702604
Kyle Martin,60,5985495
Larry Rodriguez,48,5369847
Beth Castillo,23,5469295
Joshua Lewis,46,6253698
Vanessa Woods,43,5326189
John Perez,47,7684838
Daniel Martinez,25,5657287
Tammy Adams,29,8499053
Michelle Brown,59,5740607
Brianna Patrick,50,6289932
Charles Hickman,26,8049739
Kirk Salazar,58,6013646
Rachel Taylor,35,5852622
Mary Morales,30,5955177
James Young,57,5324147
Robin Atkinson,52,5385455
Michele Carr,32,6247776
Theodore Griffin,50,4918185
Kathleen Moore,45,8502181
Michelle Carlson,39,7548101
Jacqueline Mitchell,53,6642878
Lisa Buchanan,36,8888040
Stephen Peterson,48,5741008
Matthew Woods,43,4163310
Nicole Young,53,6568149
Gabriel Martinez,36,6690707
Andrea Fischer,37,4940578
Christopher Hamilton,29,6408232
Darrell Atkinson,51,7361742
Donald Hampton,27,8187836
Melvin Keller,49,8602358
Mrs. Rebecca Beard,49,7363748
Kevin Rodriguez,49,8362230
Olivia Fox,25,5524612
Jeffery Hernandez,51,6288012
Rebekah Johnson,25,7420670
Sarah Herrera,54,7425941
John Perkins,31,5685340
James Anthony,30,6792220
Carmen Woods,47,7318620
Jennifer Warner,34,4561355
Matthew Hernandez,35,4656783
Erin Taylor,60,5376882
Jonathan Robertson,39,5622895
Ashley Welch,41,6574996
Kim Reed PhD,28,7668440
Ashley Kaufman,24,4901893
Mark Allen,40,7764889
Renee Walker,50,7066946
Casey Shaffer,31,5898284
Dustin Sanchez,51,8709008
Kylie Gillespie,35,8826833
Scott Castro,52,5017507
Dr. Michael Sandoval,52,7107443
Cynthia Dunn MD,44,5971258
Lance Taylor,51,4997936
Leslie Briggs,49,7526113
Garrett Cobb,24,7686884
Randall Baker,37,8767610
John Adams,40,8449456
James Williams,30,4777086
Nancy Perry,39,5747431
Benjamin Brown,43,6076389
Susan Dunn,60,4182510
Madison Brooks,27,6620613
Nicole Cantrell,40,7722480
Bradley Mccoy,44,7402100
Joseph Chapman Jr.,40,7473413
Michelle Orozco,28,8501132
Michelle Morgan,28,7597176
Timothy Chavez,56,6658531
Tina Pennington,24,6702766
Andrew Beasley,60,5798598
Erin Sanchez,31,4142646
Sarah Young,48,8326030
Bryan Murphy,47,6209522
Jennifer Quinn,25,4838309
Debra Cummings,56,5770895
Shawn Hines,59,6364374
James Miller,30,6902869
Douglas Compton,55,5293869
Whitney Morgan,34,7627708
Diana Boone,37,6731509
Caitlin Deleon,36,4572771
Arthur Dennis,36,4306872
Gregg Rosario,27,5450351
Jessica Snyder,42,4447821
Andrew Snyder,40,5706770
Angela Flores,42,6105331
Timothy Jones,23,5035538
Bryan Wilson,54,4167852
Timothy Hunt,27,4946041
James Davis,32,7677655
Debra Young,59,7501590
Colleen Herrera,41,5082107
Melissa Proctor,23,5910799
Alan Perry,26,7313779
Melissa Sanchez,60,6335810
Stephanie Mack,34,7730681
Ronald Atkins,55,7904138
Cassandra George,53,5626496
Christina Flores,41,8451727
Brandon Wu,34,8848184
Katrina Hall,29,7434527
Jon Estrada,30,6933152
Megan Carey,57,7373387
Karen Wallace,41,8439529
Devin Smith,45,5902351
Joseph Cabrera,25,4524216
Anthony Grimes,47,5885856
Mr. Matthew Freeman,32,8486166
Sarah Vance,32,6618038
Amber Price,47,7224419
Julie Sanders,37,7034184
Benjamin Thompson Jr.,52,6057522
Roger Hudson,47,4815433
Toni Garcia,23,5366914
Michael James,52,6409848
Amanda Peterson,54,8036840
Samantha Watson,51,5518649
Yvonne Leon,27,5311378
Shannon Bell,28,4856930
Jeffery Boone,38,7081154
Kristi Melton,33,6151060
Austin Benson,51,6947610
Edwin Joseph,60,5811297
Tammy Rollins,40,8419918
Jennifer Collins,45,8671868
April Hernandez,50,6526747
Craig Harris DDS,44,5539285
Joanne Montgomery,46,4672662
Mark Gonzalez,34,6851009
Dominic Bass,28,7591262
Bradley Williams,34,5445102
Kendra Brown,54,6838650
Leslie Mitchell,39,8095749
Shawn Schaefer,51,4424353
Michael Roman,39,8251316
Jessica Hernandez,53,6360038
Michele Schroeder,42,6122732
Sandra Gardner,26,4501386
Tanya Ibarra,32,7380534
Maria Stevens,30,6255147
Michael Collins,50,6170666
Anthony Smith,29,5284042
Haley Vaughan,39,8587650
Angela Dixon,56,5711690
Chase Shaffer,45,4941307
Troy Morris,38,6495868
Adam Howe,26,8455334
Karen Conley,44,8737488
Brenda Blackwell,57,7873347
Reginald Ramirez,35,8725662
Heather Smith,34,5143129
Dakota Sherman,50,7461579
Brett Garcia,23,8004075
Dawn Werner,46,8469763
Lee Allen,48,4630221
James Jacobson,30,7196917
Jennifer Smith,47,6129131
Arthur Morgan,58,4766872
Theresa Campbell,57,5875634
Susan Oconnor,41,7178312
Samantha Garrett,41,7526671
Brandon Maldonado,52,5404486
Lisa Hunter,31,7405656
Jennifer Graham,23,7424332
Meghan Delacruz,23,6353681
Chad Murray,35,4653567
Amy Zavala,40,6194616
Joshua Foster,60,7144518
Timothy Lee,44,6356342
Justin Taylor,44,7549619
Sandra Patel,29,4827038
Devin Russell,55,4188359
Erica Collins,31,8503541
Nicholas Reeves,43,8125150
Eric Harris,57,8649057
Dana Greene,36,7452839
Matthew Watson,55,6327930
Tracy Davis,38,8694378
Jamie Simpson,43,5058601
Nicolas Johnson,51,8555090
Kenneth Mckinney,26,5264637
Robert Garcia,27,7248162
Tiffany Holmes,60,6880592
Jeffrey Guerrero,59,6099623
Emma Fields,43,5702310
Luis Peterson,27,8735226
Michelle Lawson,46,4769133
Lindsay Glover,42,7726954
Jennifer Ward,49,5887408
Lauren Bean,25,4635577
Michael Gilbert,39,7574745
Ashley Jones,25,7203741
Kathleen Tucker,47,5903433
Bethany Gallagher,27,5498833
Paula Jones DDS,49,8909297
Gavin Snow,28,7452621
Eddie Goodman,34,7029816
Tonya White,32,8532204
Ashley Brown,53,5285238
Rachel Baker,25,4441934
Linda Pena,41,6228566
Rachel Davis,31,6793516
Robert Harmon,36,8881503
Jody Gonzales,51,4797052
Matthew Yang,29,6407192
Jacob Hamilton,52,6027678
Stephen Hill,60,5995546
Randall Dalton,36,8906766
Steve Vance,32,5500667
Lindsey Brown,28,8926439
Eric Heath,41,8216086
David Gray,60,6202235
Stephanie Bailey,58,8263965
Alexander Calderon,54,6719560
Lisa Boyd,44,4476001
Kim Stanley,59,7061221
Ann Ford,38,6890457
Joshua Sanchez,37,7508686
Michael Atkins,34,4235152
Kenneth Davis,27,5626630
Tina Monroe,44,8275733
John Thomas,55,4706387
Tracy Hill,29,8143953
Andrew Guzman,56,5128895
Michael Gonzalez,39,5382830
Candice Bush,25,4120999
Benjamin Jones,24,6390066
Brandon Ayala,47,4514595
Charles Lane,32,6128423
Amy Garrett,60,4469870
Christopher Johnson,26,6245472
Donna Rollins MD,59,6131330
Angela Steele,40,8654926
Benjamin Malone,56,8302038
Robin Harris,37,6289040
Steven Howard,52,7490810
Tyler Edwards,32,7896923
Bonnie Morgan,50,5509715
Jeremy Holt,56,4770489
Peter Erickson,58,8183669
Heidi Cox,27,4270750
Heidi Nelson,37,6179032
Christina Brady,49,8468089
Garrett Daniels,32,4153392
Madison White,29,8021665
Angelica Sims,33,7379396
Nichole Huber,37,7526729
James Martinez,55,4214016
Jennifer Cruz,33,6031057
Carlos Austin,54,4202638
George Mitchell,25,7370059
Amber Ingram,28,8323102
Laura Foster,40,5046113
Lori Tanner,30,7514121
David Ortega,40,5772621
George Griffin,60,7345755
Dustin Mcclure,29,4682059
Steven Flores,54,5766966
Joshua Gray,25,8840185
Dustin Wallace,39,7021922
Sarah Thomas,29,4717702
Darin Barnes,48,8495118
Laura Brown,51,7464505
Michael Tran,38,7842221
Kristine Salas,59,7495647
Jennifer Byrd,30,7856114
Alexandra Brown,60,8821900
Megan Johnson,60,6658442
Keith Terry,29,7828138
Belinda Reyes,32,5968451
Carlos Bush,51,8786475
Michael Garcia,52,6785004
Jonathan Garcia,53,8976874
Lisa Green,27,8968855
Kevin Bentley,24,7198817
Michael Davis,24,8102370
Charles Hopkins,28,4133400
Christian Gardner,51,6916717
Anthony Fisher,28,8532197
Hannah Johnson,32,5661583
Peter Townsend,60,8019727
Gerald Thomas,58,8524126
Wendy Everett,26,5901248
Joseph Martin,29,5993009
Marcus Romero,52,5974477
Caitlin Stone,25,8702583
Darryl Moore,27,6436968
Vanessa Blevins,31,4810386
Samuel Garcia Jr.,40,7016435
Daniel Chapman,36,6172630
Faith Hopkins,47,4573026
Joseph Wright,48,8481022
Amanda Henderson,26,8297735
Cynthia French,28,5864982
Calvin Davis,52,6357787
Mackenzie Murphy,33,5454473
Charles Burton,30,6522598
Vanessa Page,30,5350217
David Mitchell,26,5824708
Michele Jackson,41,6363402
Antonio Hall,47,8600263
James Young,25,4848757
Christopher Mills,28,8855293
Taylor Pace,56,5610532
Daniel Johnson,29,8539456
Matthew Griffin,44,8991684
Shannon Collins,55,4978714
Carla Duncan,36,6526366
Eric Lowe,52,8030172
Laurie Fletcher,59,4384637
Ricky Clark,37,5243075
Stephanie Clayton,44,7286366
Brian Curry,37,8696723
Benjamin Ward,50,5646209
Melissa Glass,60,6559816
Paul Andrews,23,4104097
Brandon Hughes,32,7403413
Patricia Gordon,35,8503510
Diana Black,41,8923120
Johnathan Dickson,23,8990296
William Peterson,38,5279947
Eugene Bryant,44,7178625
Alicia Walker,24,7981797
Dawn Simon,34,8566215
Hannah Romero,38,4364026
James Richards,60,8018313
Michael Carr,30,6888772
Kevin Keller,39,7675752
Michael Kline,44,5126734
Michael Taylor,27,8219390
John Osborne,43,4147036
Lisa Randall,44,8932141
Andrea Lewis,30,7849060
Angel Anderson,50,7763453
Anita Choi,36,6357448
Daniel Cruz,37,4313326
Jared Morris,51,5365314
Jacob Dawson,57,6609377
Vincent Jackson,47,6809923
Katrina Walker,55,6672127
Sandra Williams,30,4253126
Glenn Scott,48,8784963
Robert Randall,29,6877315
Theresa Raymond MD,41,7195507
Marcus Clayton,36,4715623
Angela Williams,46,8523617
Andrea Li,54,4317509
Christina Massey,53,5778290
Tiffany Anderson,39,7672119
Karen Williams,55,5662772
Kyle Parks,35,7965183
Evan Taylor,48,8948095
Robert Thomas,23,4423690
Nicole Garcia,44,4530968
Caleb Lawrence,36,6829398
Tina Cabrera,44,4919097
Jacob Jackson,36,7781597
Michael Garner,38,7992565
Franklin Roy,28,6254494
John Yates,43,8855372
Michelle Hodges,38,7740717
Brooke Harrison,59,8489508
Jennifer Ryan,44,4224769
Brian Poole,48,5414346
Crystal Fry,60,4325763
Maria Johnson,35,4477133
Nancy Moss,58,7420242
Maria Huffman,25,6693559
Steven Garcia,60,8617868
James Holland,38,7595897
Mark Holt,48,4674151
Shelia Vincent,46,7945937
Theresa Bennett,33,4849918
Dr. Charles Fleming,60,5112755
Kristen Gonzalez,28,4223745
William Chambers,42,7724307
Megan Cain,34,5934606
Bryan Hill,54,5221924
Paul Williams,54,8895317
Jacqueline Scott,29,6430542
Daniel Edwards,35,6129828
David Wilson,59,8792952
Kelly Lopez,23,8274883
Marcus Miller,38,5376028
Becky Lopez,56,7754083
Richard Ingram,32,4222824
Timothy Hill,58,5994722
Jennifer Willis,30,4930523
Susan Brennan,34,5216533
Corey Everett,50,4419971
Brittany Smith,60,8385826
Debra Burch,60,7053332
Gloria Smith,50,6756031
Donald Proctor,28,4495354
Kathy Johnson,31,8151336
Hector Evans,56,6365026
Russell Coleman,31,7232163
Michael Smith,48,5332281
Jamie Dominguez,23,6477078
Jasmine Trujillo,30,6891038
Denise Gonzales,28,6871775
John Zimmerman,49,4664724
Shane Fisher,57,8230288
Rhonda Buckley,53,8548964
Andrea Jones,56,8727416
Barbara Jefferson,46,5257663
Rebecca Stone,56,4904629
Samantha Garcia,24,5740104
Heather Jones,55,7687117
Alicia Boyd,26,7652097
William King,58,4650522
James Holmes,37,5650779
Kevin Garcia,46,8336941
William Cole,33,5955128
Scott Torres,52,5464858
Catherine Monroe,51,8622033
Yesenia Jones,59,6554910
Brenda Smith,44,4229195
James Forbes,40,8608454
Joshua Davis,44,8682210
Paul Bryant,25,4531637
Misty Ortiz,33,4482708
Mary Duncan,54,7617387
Tyler Whitehead,57,4565644
Richard Barker,26,6653761
Paula Johnson,33,8182942
William Anderson,24,8991967
Angela Newton,56,7035640
Mrs. Jennifer Glenn,45,7083523
Alan Parker,60,8578036
Michael Morris,53,8979365
Julie Gonzalez,32,6926097
Ann Pena,40,6345639
Pamela Griffith,32,4151959
Robert Herman,40,8588282
John Ali,54,6493718
Scott Parker,41,7373550
Dana Welch,44,4684367
Fernando Moody,48,6369786
Elizabeth Smith,36,7399415
Christopher Davis,26,8327486
Julie Simon,28,7499466
Misty Warner,35,4958728
Matthew Davis,38,4219080
Kenneth Silva,36,7177340
Lisa Bernard,53,5739791
George Franco,51,5739910
Justin Mclaughlin,48,7450855
Elizabeth Marquez,26,5224277
Luke Atkinson,46,4619850
Jill Hernandez,24,5056905
Kevin Thompson,29,4812371
Michael Gonzalez,58,7525236
Barry Valentine,51,6958365
Ashley Harrell,29,4178333
Donna Gonzales,30,8686265
Timothy Bean,56,5839870
Alexis Anderson,56,4731941
Paul Lynch,33,8084019
Diana Ellis,48,7932541
Jeffery Boyd,39,8972713
Javier Douglas,58,4684534
Tristan Williams,26,6743126
Michael Lewis,40,7763940
James Shelton,45,6594034
Nancy Frank,45,8108610
John Moore,27,6096782
Joe Martin,50,4347850
Kevin Austin,37,7311482
Thomas Steele,35,8678963
Nathan Skinner,57,6310801
Kathleen Hunter,41,6301765
Jeffrey Pena,39,7743480
Mrs. Rhonda Wang,46,5942863
Robert Rojas,46,8278465
Kevin Morrow,54,5501407
Douglas Gilmore,32,6656775
Brittany Rollins,43,6986165
Brett Huynh,36,6466631
Benjamin Boyer,60,6039860
Nathan Lawson,55,5744442
Matthew Medina,23,6850676
Andrew Edwards,40,7780095
Michael Ball,41,4316658
Olivia Perry,54,5417509
Brooke Jenkins,28,5404357
Ryan Miller,23,4669352
Marc Lang,57,8763783
Norma Williams,41,8883079
Ernest Goodman MD,35,6486814
Melissa Dickerson,39,8963391
Nancy Hansen,56,8235045
Dale Lara,44,5885893
Ricky Sexton,31,4057136
Gary Duncan,33,5644209
Amanda Rojas MD,48,8494127
Mallory Hines,42,5468544
Jennifer Jordan,47,4990072
Hayden Smith,51,8495516
Jordan Martinez,33,7753579
Calvin Smith,33,7142475
Robert Hill,51,8253376
Michael Duran,51,8793861
Melissa Fuentes,47,8493839
Ashley Hale,34,6518825
Robert Hernandez,39,7357961
Elizabeth Green,38,4702209
Amanda Wallace,45,5041717
Taylor Chavez,34,4606089
Emily Bennett,39,7555694
Monica Aguilar,27,6323859
Xavier Hunter,43,4223459
John Lam,26,4948640
Jodi Martin,48,6716047
Beverly Hicks,32,5982535
Alicia Brown,45,8144401
Stacey Avery,44,5232729
Dana Ramirez,34,5025014
Elizabeth Cohen,37,5987470
Laura Lopez,45,5511002
Sheri Cohen,56,7883648
Elizabeth Fernandez,23,7428943
Ashley Craig,27,4915332
Wendy Martin,27,4247341
Kevin Hall,38,6552910
Sharon Wiggins,38,7725958
Todd Smith,43,5537249
Marissa Bell,60,6847246
Teresa Miller,45,6140306
Alex Navarro,47,5015694
Julia King,44,8709522
Thomas Foster,56,4959691
Joshua Klein,50,5940286
Daniel Ellis,60,6702325
Michelle Eaton,34,5858965
Michael Allen,50,6774610
Barbara Davis,41,4287877
Gabriel Taylor,29,7784011
Carolyn Miles,28,7363343
Peter Bishop,54,5438196
Cynthia Moore,48,8476626
John Wilson,38,5939084
Brett Armstrong,54,6222661
Blake Davis,49,5058921
Mary Chambers,43,6495606
Nicholas Chavez,60,8048378
Joyce Hernandez,54,8847860
Kim Martin,40,6206829
Sean Hodge,54,4666291
Melissa Thomas,56,5826569
Kevin Lowery,34,7413650
Kelly Callahan,36,4121007
Joseph Adams,53,4727194
Leonard Sheppard,24,8348285
Brandon Suarez,38,6174143
Samuel Cherry,43,5501886
Robert Taylor,56,4627318
William Torres,30,5351837
Theresa Pennington,34,7715068
Stephanie Cruz,46,8807187
Carol Hawkins,52,4746565
Shelby Callahan,44,6290877
Christina Barnett,38,8046181
Frank Burns,30,8486261
Christopher Douglas,46,8385904
Zachary Morris,23,8653808
Todd Adkins,53,4345698
Stephanie Shaffer,37,4739473
Jessica Gates,39,7732296
Brandon Sandoval,47,8478788
Joseph Moore,30,4755227
Rachel Bowen DVM,26,6785568
Christina Phillips,32,8146774
Shannon Mcintyre,34,7776369
Evan Martinez,27,6397839
Larry Chandler,57,7235757
Nicholas Hines,41,4270539
Duane Watkins,38,5024511
Ashley Long,53,8827112
David Combs,24,4017374
Pamela Mcintyre,54,6829207
Gregory Perry,25,4604015
Sara Cunningham,27,7491440
Audrey Beck,51,4061389
Joseph Carson,38,6415443
James Fritz,60,4510002
John Marshall,36,7001874
Debbie Williams,55,5890999
Kimberly Pittman,42,8749896
Diana Brown,33,6407339
Susan Tyler,46,6848694
James Brown,30,6556624
Daniel Sparks,24,7697251
Javier Chambers,51,4431907
Edward Campbell,43,6612639
Carrie Stein,23,7878771
Jordan Martinez,48,6556100
Katherine Nguyen,57,7007702
Gregory Benjamin,53,7956822
Daniel Ramos,26,6231809
Jesse Hall,39,8723810
Theodore Hernandez,58,5618300
Ethan Hansen,59,5532515
Leroy Hunter,36,5529544
Jonathan Jones,28,6358838
Sarah Conner,29,4496433
Jacob Navarro,42,4147246
Edward Lin,32,5193475
Ashley Wells,46,8119090
Scott Cook,36,7898895
Frank Nguyen,23,7305270
Katrina Thornton,38,6173857
Diana Wong,41,6809100
Frederick Perry,41,5886890
Jennifer Foster,39,8235830
Kimberly Carr,37,4786709
Debra Payne,46,6869441
Heather Higgins,36,4861848
Erica Daugherty,51,4692615
Lindsey Munoz,53,5623542
Danny Mitchell,43,7134021
Ricardo Cameron,27,4654035
James Hall,37,8062898
Mark Griffin,37,7887233
Tom Young,43,4394558
Joseph Gibson,29,4166089
Katherine Knapp,36,8781470
Stephanie Russo,60,5673391
John Ward,35,5119735
Emily Frye,28,8125600
Ronnie Daniel,44,4087176
Melinda Moore,38,6967519
Heather Pitts,58,5622460
Vanessa Lopez,39,8245005
Brittany Hall,59,7115732
Monica Rodgers,34,7230035
Anthony Morgan,42,8907228
Lauren Norris,44,8862050
Alejandro Mclaughlin,58,7303186
Matthew Murray,40,5796341
Zachary Lewis,37,6338147
Bonnie Khan,53,6359871
Lisa Thompson,58,8595368
Jasmin Arroyo,47,5409706
Julie Morgan,38,5584404
Susan Davenport,56,7326545
Kelli Ortiz,28,5545038
Sandra Martinez,55,6230794
Jeffery Johnson,41,8798466
Dana Collins,24,4740246
Julie Huff,24,5628502
Ethan Alexander,26,6680321
Stephanie Hernandez,44,7822414
Patricia Taylor,41,7934244
Robert Cook,51,5002288
Ryan Long,53,7044253
Julie Willis,39,4767141
Garrett Morris,50,7265519
Nicholas Robles,51,4318679
Sarah Conner,51,5408831
Jasmine Ramirez,42,7761491
Karla Burgess,43,8191395
Eugene Diaz,49,4925937
Michelle Morgan,30,4578744
Desiree Mcdonald,45,5812768
Tracy Goodman,37,5260332
Michael Pacheco,34,4532828
Jessica Mata,41,5611128
Doris Gentry,58,4079710
Carlos Graham,34,4554207
David Wright,27,4404777
Kyle Pittman,44,5441898
Edward Lewis,50,8084737
Brandon Yang,46,5901751
Sandra Adams,51,5556962
Sharon Lee,55,8259049
Bryan Nelson,23,4871517
John Lambert,32,6332667
Alexandria Taylor,24,4869496
Angelica Olson,44,4548895
Mark Wilson,40,5045167
Debra Williams,27,5812979
Michael Lewis,23,8879810
Dr. Amanda Ross DDS,33,6176822
Kelly Rasmussen,48,7992609
Michelle Sanchez,50,8930018
Jonathan Lee,57,6829243
William Moore,48,4328597
Mallory Gordon,55,5793057
Cody Reed,56,8694632
Robert Reed,52,7694931
Jennifer Ortiz,42,4972870
Lauren Mclean,57,4674421
Rachel Montgomery,49,6282152
Tyler Whitney,31,4102727
Amy Walton,25,6759699
Natalie Jones,37,5576143
Brenda Khan,49,7924611
Collin Morales,52,6170771
Angela Sanchez,40,6206481
Joel Hampton,34,4340804
Linda Welch,58,6507680
Marvin Harris,23,7962492
Jessica Love,49,6193887
Denise Roberts,49,8552124
Katherine Harris,37,4097376
Angela Myers,54,7262749
Lindsay Torres,38,8266789
Kristin Martin DVM,36,7446217
Michele Reynolds,38,5765270
Aaron Jacobs,32,4277702
Emily Pitts,49,4143626
Denise Alvarado,60,4503811
Jay Huynh,54,4533512
Mark Massey,56,5833398
Brian Padilla,26,7682183
Christian Howell,48,7711114
Kelly Williams,53,8747715
Rebecca Scott,35,5593811
Jordan Davis,47,8644101
Lawrence Herrera,29,7043573
Donald Aguilar,25,5069578
Luis Smith,25,5235501
Tyrone Parker,43,6471392
Jonathan Bryan,24,4481447
Karen Owens,55,4059377
Justin Wright,25,5688787
Rachel Perez,50,7732472
Joseph Sanders,60,6044730
Matthew Allen,50,5470178
Frederick Garcia,32,8622334
Robert Cummings,38,6466894
Matthew Parker,40,7207232
Richard Hammond,44,5920227
Cynthia Sosa,60,8978116
Kathryn Wall,36,8542884
Ashley Golden,30,5109330
Monica Jefferson,31,7463808
Barbara Love,32,7059380
Kenneth Williams,23,8415066
Marcia Phillips,23,8353785
Anthony Anderson Jr.,25,6275001
Meghan Norman,52,4092971
Timothy Davis,41,5991631
Elizabeth Ramirez,41,5941774
Kristina King,59,4217925
Carl Gordon,31,4089741
Pamela Robinson,29,6443607
Angela Stevens,47,6666528
Amy Griffin MD,48,5544629
Anthony Ross,53,4760780
Benjamin Anderson,48,7980339
Victoria Sanchez,60,4847408
Robert Douglas,31,5115469
Anthony Wilson,23,8448762
Martin Hopkins,43,6634621
Brenda Pittman,47,8725003
Amanda Morrison,34,8803230
Karen Ramos,52,6153272
Bridget Blevins,45,5090451
Roy Fox,39,7254305
Vanessa Baker,24,7790377
Samantha Skinner,34,7623051
James Frank MD,51,8031140
Ronald Esparza,44,7363299
Steven Frazier,50,4911885
Jordan Roberts,23,8242780
Devon Griffin,44,6556182
Melinda Johnson,26,4054295
Monica Mullen,38,8263481
Trevor Holland,35,5521063
Tanya Sanders,56,7294744
Michael Fleming,57,4400944
Ashley Paul,33,6347760
Seth Moreno,29,7665799
Christopher Gibson,45,6025222
Nicole Crawford,59,8547445
Jasmin Cabrera,44,8206112
Erik Sandoval,37,7192138
Jordan Nash,37,5460803
Mary Ward,43,8683121
Ruth Chambers,50,6575196
Adam Collins,44,7930859
Bradley Owens,24,5262923
Stephanie Johnson,36,4675329
Karen Jones,27,7967092
John Wheeler,56,4864769
Christopher Tran,43,5823520
Taylor Cox,36,8809693
Dillon Hanson,40,5138946
Patricia Barton,35,8664953
Robert Zimmerman,60,5849580
Robert Cooper,27,5503842
Stephen Lane,53,6970039
Stephen Juarez,58,7591354
Jessica Jackson,52,6815667
Jonathan Houston,43,5082223
Emily Harris,57,5825257
Wanda Castillo,42,8077514
Michael Stafford,27,4645946
Scott Alvarez,23,7153607
Rebecca Juarez,25,5368867
Caitlin Parker,38,7390495
Mr. Andrew Edwards MD,43,7360578
Melanie Neal,58,4962078
Spencer Garcia,47,6030853
Jennifer Beard,47,6535866
Barbara Lopez,56,7070904
Kim Robles,42,8192632
Seth Jacobs,53,4932025
John Norris,41,5526847
Joshua Gill,28,6003419
Michael Nelson,55,5377246
Megan Beck,56,4295600
Patrick Crawford Jr.,27,8355909
Thomas Strong,23,8558340
Kimberly Garcia,25,8072004
Brenda Koch,58,6408091
Joseph Solomon,46,6179073
Christopher Gonzalez,36,7097780
Jennifer Martin,35,7969475
Kelly Green,34,8317591
Mr. William Hardin II,52,5309537
Timothy Finley Jr.,37,7868388
Leah Martin,46,8347760
Stephen Yoder,40,8998320
Linda Woods,58,7460141
Michael Bishop,54,5129139
Katrina Martin,38,4465107
Dr. Jessica Campbell,60,4086703
Jordan Martinez,24,6218257
Marie Zamora,25,6137086
Steven Frost,25,7362289
Yesenia Shepherd,37,8302672
Joshua Howard,47,7382058
Richard Raymond,46,7086356
Mary Padilla,35,5008460
Justin Reilly,47,5556609
Brad Montgomery,30,4498072
Phillip Brown,45,8926117
James Hernandez,41,7701410
Elijah Farley,27,4752854
Jennifer Smith,41,5734370
Justin Moreno,47,8345585
Shane Mahoney,47,5691427
Matthew Francis,59,7031373
Patrick Martin,58,5776810
Erin Henderson,59,6902170
Joshua Baker Jr.,58,4053689
Matthew Baker,52,4759049
Paige Smith,39,8225502
Jacob Robles,38,4160478
Laura Dodson,60,4713829
Alicia King,23,5417027
Daniel Brown,46,4042017
John Rogers,49,6628549
Kristina Shaw,53,8786286
Lori Zamora,30,4194668
Terri Young,24,4984724
Daniel Williams,58,6726348
Heather Weaver,46,8241206
Justin Duncan,32,7691176
Cassie Hernandez,34,6681668
Kimberly Miles,41,4152556
Michael Webb,60,7836435
Tonya Simmons DVM,60,5974906
Kathryn Jenkins,26,8382422
Jeremy Phillips,48,5821592
Joseph Watson,38,4356991
Katherine Burch,40,7316726
Justin Frederick,44,5525331
Lawrence Faulkner,53,4006738
Julie White,41,6716275
Casey Baxter,35,5452604
Allen Gaines,25,5767696
Bryce Gomez,42,6098487
Dustin Washington,43,4995496
Robert Davis,33,7792910
Melanie Martinez,45,6709866
Michael Jacobs,26,5436827
Kevin Weaver,52,7551078
Kaylee Burns,56,6749686
Brian Waters,55,6659408
Steven Rose,28,8219703
Michael Miller,51,7846537
Brett Diaz,41,6607969
Alan Williams,56,8380596
Kevin Johnson,23,8805077
Edwin Miller,40,8105403
Steven Moreno,23,7491140
Jose White,46,6832362
Colton Ortiz,38,4605625
Abigail Adams,26,8144089
Vanessa Carr,25,7256696
Todd Harrison,42,6158846
Ashley Oneill,58,5439833
Melissa Williams,47,7552469
Benjamin Aguilar,33,4400323
April Carlson,44,5967049
Jacob Beasley,32,4439413
Jamie Stokes,29,6792839
James Allen,33,8719515
David Fleming,43,6946532
Charlene Kemp,53,7258878
Jessica Patterson,32,4312495
Debra Medina,31,7874134
Jacqueline Johnson,46,7189988
Cody Miller,50,7529460
